category,threshold_source,threshold,accuracy,precision,recall,specificity,f1,tp,tn,fp,fn
metal_nut,recommended:normal_p99_0,0.7409592866897583,0.991304347826087,0.9893617021276596,1.0,0.9545454545454546,0.9946524064171123,93,21,1,0
