{
  "dataset_name": "mvtec_ad",
  "detector_name": "ae",
  "category": "bottle",
  "total_test_samples": 83,
  "normal_samples": 20,
  "anomalous_samples": 63,
  "score_stats": {
    "normal_min": 0.01524950098246336,
    "normal_max": 0.019482435658574104,
    "normal_mean": 0.017586590722203255,
    "anomaly_min": 0.016049489378929138,
    "anomaly_max": 0.026670468971133232,
    "anomaly_mean": 0.019077736884355545
  },
  "percentile_thresholds": {
    "normal_p90_0": 0.018995368853211403,
    "normal_p95_0": 0.019296489655971527,
    "normal_p97_5": 0.01938946358859539,
    "normal_p99_0": 0.01944524608552456,
    "normal_p99_5": 0.01946384087204933
  },
  "recommended_for_gui": {
    "method": "normal_p99_0",
    "threshold": 0.01944524608552456,
    "reason": "normal-score percentile threshold using only normal test samples"
  },
  "best_f1_threshold": {
    "threshold": 0.015917619690299034,
    "accuracy": 0.7951807228915663,
    "precision": 0.7875,
    "recall": 1.0,
    "specificity": 0.15,
    "f1": 0.881118881118881,
    "tp": 63,
    "tn": 3,
    "fp": 17,
    "fn": 0,
    "selection_method": "best_f1"
  },
  "best_youden_threshold": {
    "threshold": 0.018979500979185104,
    "accuracy": 0.5421686746987951,
    "precision": 0.9310344827586207,
    "recall": 0.42857142857142855,
    "specificity": 0.9,
    "f1": 0.5869565217391304,
    "tp": 27,
    "tn": 18,
    "fp": 2,
    "fn": 36,
    "selection_method": "best_youden_j",
    "youden_j": 0.3285714285714285
  },
  "files": {
    "image_scores_csv": "/home/wsl-admin/industrial_anomaly_detection/outputs/model_thresholds/ae/bottle/bottle_ae_threshold_scores.csv",
    "threshold_candidates_csv": "/home/wsl-admin/industrial_anomaly_detection/outputs/model_thresholds/ae/bottle/bottle_ae_threshold_candidates.csv",
    "thresholds_json": "/home/wsl-admin/industrial_anomaly_detection/outputs/model_thresholds/ae/bottle/bottle_ae_thresholds.json"
  }
}