threshold,accuracy,precision,recall,specificity,f1,tp,tn,fp,fn,selection_method
0.033311035484075546,0.4866666666666667,0.7777777777777778,0.22826086956521738,0.896551724137931,0.3529411764705882,21,52,6,71,normal_p90_0
0.03424341604113579,0.46,0.8235294117647058,0.15217391304347827,0.9482758620689655,0.25688073394495414,14,55,3,78,normal_p95_0
0.03476022556424141,0.4533333333333333,0.8571428571428571,0.13043478260869565,0.9655172413793104,0.22641509433962262,12,56,2,80,normal_p97_5
0.03504176810383797,0.44,0.9,0.09782608695652174,0.9827586206896551,0.17647058823529413,9,57,1,83,normal_p99_0
0.03507903963327408,0.43333333333333335,0.8888888888888888,0.08695652173913043,0.9827586206896551,0.15841584158415842,8,57,1,84,normal_p99_5
