{
  "dataset_name": "mvtec_ad",
  "category": "transistor",
  "memory_bank_path": "/home/wsl-admin/industrial_anomaly_detection/outputs/checkpoints/transistor_memory_bank.pt",
  "image_size": 256,
  "total_test_samples": 100,
  "normal_samples": 60,
  "anomalous_samples": 40,
  "score_stats": {
    "normal_min": 0.5861829519271851,
    "normal_max": 0.7982088327407837,
    "normal_mean": 0.6792087554931641,
    "anomaly_min": 0.6912201046943665,
    "anomaly_max": 0.9866515398025513,
    "anomaly_mean": 0.8320501446723938
  },
  "percentile_thresholds": {
    "normal_p90_0": 0.7409485578536987,
    "normal_p95_0": 0.7628129124641418,
    "normal_p97_5": 0.7810246348381042,
    "normal_p99_0": 0.7950738668441772,
    "normal_p99_5": 0.7966413497924805
  },
  "recommended_for_gui": {
    "method": "normal_p99_0",
    "threshold": 0.7950738668441772,
    "reason": "normal-score percentile threshold using only normal test samples"
  },
  "best_f1_threshold": {
    "threshold": 0.7625449299812317,
    "accuracy": 0.93,
    "precision": 0.9024390243902439,
    "recall": 0.925,
    "specificity": 0.9333333333333333,
    "f1": 0.9135802469135802,
    "tp": 37,
    "tn": 56,
    "fp": 4,
    "fn": 3,
    "selection_method": "best_f1"
  },
  "best_youden_threshold": {
    "threshold": 0.7627695798873901,
    "accuracy": 0.94,
    "precision": 0.925,
    "recall": 0.925,
    "specificity": 0.95,
    "f1": 0.925,
    "tp": 37,
    "tn": 57,
    "fp": 3,
    "fn": 3,
    "selection_method": "best_youden_j",
    "youden_j": 0.875
  }
}