threshold,accuracy,precision,recall,specificity,f1,tp,tn,fp,fn,selection_method
0.7409485578536987,0.92,0.8636363636363636,0.95,0.9,0.9047619047619048,38,54,6,2,normal_p90_0
0.7628129124641418,0.93,0.9230769230769231,0.9,0.95,0.9113924050632911,36,57,3,4,normal_p95_0
0.7810246348381042,0.91,0.9428571428571428,0.825,0.9666666666666667,0.88,33,58,2,7,normal_p97_5
0.7950738668441772,0.88,0.9666666666666667,0.725,0.9833333333333333,0.8285714285714285,29,59,1,11,normal_p99_0
0.7966413497924805,0.87,0.9655172413793104,0.7,0.9833333333333333,0.8115942028985508,28,59,1,12,normal_p99_5
