threshold,accuracy,precision,recall,specificity,f1,tp,tn,fp,fn,selection_method
0.015689434483647346,0.1893939393939394,0.625,0.045871559633027525,0.8695652173913043,0.08547008547008549,5,20,3,104,normal_p90_0
0.016127794981002808,0.18181818181818182,0.6,0.027522935779816515,0.9130434782608695,0.05263157894736843,3,21,2,106,normal_p95_0
0.01725558377802372,0.17424242424242425,0.5,0.009174311926605505,0.9565217391304348,0.01801801801801802,1,22,1,108,normal_p97_5
0.018068909645080566,0.16666666666666666,0.0,0.0,0.9565217391304348,0.0,0,22,1,109,normal_p99_0
0.018340015783905983,0.16666666666666666,0.0,0.0,0.9565217391304348,0.0,0,22,1,109,normal_p99_5
