{
  "dataset_name": "mvtec_ad",
  "detector_name": "ae",
  "category": "capsule",
  "total_test_samples": 132,
  "normal_samples": 23,
  "anomalous_samples": 109,
  "score_stats": {
    "normal_min": 0.011162085458636284,
    "normal_max": 0.018611125648021698,
    "normal_mean": 0.012950371019542217,
    "anomaly_min": 0.010991307906806469,
    "anomaly_max": 0.017865639179944992,
    "anomaly_mean": 0.012495911680161953
  },
  "percentile_thresholds": {
    "normal_p90_0": 0.015689434483647346,
    "normal_p95_0": 0.016127794981002808,
    "normal_p97_5": 0.01725558377802372,
    "normal_p99_0": 0.018068909645080566,
    "normal_p99_5": 0.018340015783905983
  },
  "recommended_for_gui": {
    "method": "normal_p99_0",
    "threshold": 0.018068909645080566,
    "reason": "normal-score percentile threshold using only normal test samples"
  },
  "best_f1_threshold": {
    "threshold": 0.010991307906806469,
    "accuracy": 0.8257575757575758,
    "precision": 0.8257575757575758,
    "recall": 1.0,
    "specificity": 0.0,
    "f1": 0.9045643153526972,
    "tp": 109,
    "tn": 0,
    "fp": 23,
    "fn": 0,
    "selection_method": "best_f1"
  },
  "best_youden_threshold": {
    "threshold": 0.011382585391402245,
    "accuracy": 0.7727272727272727,
    "precision": 0.8376068376068376,
    "recall": 0.8990825688073395,
    "specificity": 0.17391304347826086,
    "f1": 0.8672566371681416,
    "tp": 98,
    "tn": 4,
    "fp": 19,
    "fn": 11,
    "selection_method": "best_youden_j",
    "youden_j": 0.07299561228560036
  },
  "files": {
    "image_scores_csv": "/home/wsl-admin/industrial_anomaly_detection/outputs/model_thresholds/ae/capsule/capsule_ae_threshold_scores.csv",
    "threshold_candidates_csv": "/home/wsl-admin/industrial_anomaly_detection/outputs/model_thresholds/ae/capsule/capsule_ae_threshold_candidates.csv",
    "thresholds_json": "/home/wsl-admin/industrial_anomaly_detection/outputs/model_thresholds/ae/capsule/capsule_ae_thresholds.json"
  }
}