threshold,accuracy,precision,recall,specificity,f1,tp,tn,fp,fn,selection_method
0.61445552110672,0.7348484848484849,0.9625,0.7064220183486238,0.8695652173913043,0.8148148148148149,77,20,3,32,normal_p90_0
0.631140410900116,0.6818181818181818,0.971830985915493,0.6330275229357798,0.9130434782608695,0.7666666666666667,69,21,2,40,normal_p95_0
0.6334953904151917,0.6893939393939394,0.9857142857142858,0.6330275229357798,0.9565217391304348,0.770949720670391,69,22,1,40,normal_p97_5
0.6347275972366333,0.6893939393939394,0.9857142857142858,0.6330275229357798,0.9565217391304348,0.770949720670391,69,22,1,40,normal_p99_0
0.6351382732391357,0.6893939393939394,0.9857142857142858,0.6330275229357798,0.9565217391304348,0.770949720670391,69,22,1,40,normal_p99_5
