threshold,accuracy,precision,recall,specificity,f1,tp,tn,fp,fn,selection_method
0.023459939286112785,0.1826086956521739,0.4,0.021505376344086023,0.8636363636363636,0.040816326530612256,2,19,3,91,normal_p90_0
0.023806365206837654,0.19130434782608696,0.5,0.021505376344086023,0.9090909090909091,0.04123711340206186,2,20,2,91,normal_p95_0
0.02435927651822567,0.1826086956521739,0.0,0.0,0.9545454545454546,0.0,0,21,1,93,normal_p97_5
0.02471635863184929,0.1826086956521739,0.0,0.0,0.9545454545454546,0.0,0,21,1,93,normal_p99_0
0.024835385382175446,0.1826086956521739,0.0,0.0,0.9545454545454546,0.0,0,21,1,93,normal_p99_5
