threshold,accuracy,precision,recall,specificity,f1,tp,tn,fp,fn,selection_method
0.8928991556167603,0.43125,0.868421052631579,0.2773109243697479,0.8780487804878049,0.4203821656050955,33,36,5,86,normal_p90_0
0.9202906489372253,0.33125,0.8333333333333334,0.12605042016806722,0.926829268292683,0.218978102189781,15,38,3,104,normal_p95_0
0.9222731590270996,0.31875,0.8571428571428571,0.10084033613445378,0.9512195121951219,0.18045112781954886,12,39,2,107,normal_p97_5
0.9246660470962524,0.325,0.9230769230769231,0.10084033613445378,0.975609756097561,0.1818181818181818,12,40,1,107,normal_p99_0
0.9254636764526367,0.325,0.9230769230769231,0.10084033613445378,0.975609756097561,0.1818181818181818,12,40,1,107,normal_p99_5
