threshold,accuracy,precision,recall,specificity,f1,tp,tn,fp,fn,selection_method
0.7231535911560059,0.9739130434782609,0.96875,1.0,0.8636363636363636,0.9841269841269841,93,19,3,0,normal_p90_0
0.7255026698112488,0.9826086956521739,0.9789473684210527,1.0,0.9090909090909091,0.9893617021276596,93,20,2,0,normal_p95_0
0.7348368167877197,0.991304347826087,0.9893617021276596,1.0,0.9545454545454546,0.9946524064171123,93,21,1,0,normal_p97_5
0.7409592866897583,0.991304347826087,0.9893617021276596,1.0,0.9545454545454546,0.9946524064171123,93,21,1,0,normal_p99_0
0.7430000901222229,0.991304347826087,0.9893617021276596,1.0,0.9545454545454546,0.9946524064171123,93,21,1,0,normal_p99_5
