threshold,accuracy,precision,recall,specificity,f1,tp,tn,fp,fn,selection_method
0.8832919597625732,0.4666666666666667,0.75,0.1956521739130435,0.896551724137931,0.3103448275862069,18,52,6,74,normal_p90_0
0.9001290202140808,0.46,0.8235294117647058,0.15217391304347827,0.9482758620689655,0.25688073394495414,14,55,3,78,normal_p95_0
0.917084276676178,0.43333333333333335,0.8181818181818182,0.09782608695652174,0.9655172413793104,0.17475728155339806,9,56,2,83,normal_p97_5
0.9373964667320251,0.42,0.8571428571428571,0.06521739130434782,0.9827586206896551,0.12121212121212122,6,57,1,86,normal_p99_0
0.9485790133476257,0.41333333333333333,0.8333333333333334,0.05434782608695652,0.9827586206896551,0.1020408163265306,5,57,1,87,normal_p99_5
