threshold,accuracy,precision,recall,specificity,f1,tp,tn,fp,fn,selection_method
0.5851695537567139,0.9759036144578314,0.9692307692307692,1.0,0.9,0.9843749999999999,63,18,2,0,normal_p90_0
0.5956980586051941,0.9879518072289156,0.984375,1.0,0.95,0.9921259842519685,63,19,1,0,normal_p95_0
0.5958496332168579,0.9879518072289156,0.984375,1.0,0.95,0.9921259842519685,63,19,1,0,normal_p97_5
0.5959405899047852,0.9879518072289156,0.984375,1.0,0.95,0.9921259842519685,63,19,1,0,normal_p99_0
0.595970869064331,0.9879518072289156,0.984375,1.0,0.95,0.9921259842519685,63,19,1,0,normal_p99_5
