threshold,accuracy,precision,recall,specificity,f1,tp,tn,fp,fn,selection_method
0.7584569454193115,0.9333333333333333,0.9361702127659575,0.9565217391304348,0.896551724137931,0.9462365591397849,88,52,6,4,normal_p90_0
0.7692056894302368,0.9333333333333333,0.9659090909090909,0.9239130434782609,0.9482758620689655,0.9444444444444444,85,55,3,7,normal_p95_0
0.7776674032211304,0.9333333333333333,0.9767441860465116,0.9130434782608695,0.9655172413793104,0.9438202247191011,84,56,2,8,normal_p97_5
0.7883915305137634,0.92,0.9878048780487805,0.8804347826086957,0.9827586206896551,0.9310344827586207,81,57,1,11,normal_p99_0
0.7949760556221008,0.9066666666666666,0.9875,0.8586956521739131,0.9827586206896551,0.9186046511627908,79,57,1,13,normal_p99_5
