threshold,accuracy,precision,recall,specificity,f1,tp,tn,fp,fn,selection_method
0.6377130150794983,0.7625,0.945054945054945,0.7226890756302521,0.8780487804878049,0.8190476190476191,86,36,5,33,normal_p90_0
0.6468230485916138,0.7375,0.963855421686747,0.6722689075630253,0.926829268292683,0.7920792079207921,80,38,3,39,normal_p95_0
0.6817309260368347,0.55,0.9607843137254902,0.4117647058823529,0.9512195121951219,0.5764705882352941,49,39,2,70,normal_p97_5
0.7200697660446167,0.39375,0.9583333333333334,0.19327731092436976,0.975609756097561,0.32167832167832167,23,40,1,96,normal_p99_0
0.7328494191169739,0.375,0.9523809523809523,0.16806722689075632,0.975609756097561,0.2857142857142857,20,40,1,99,normal_p99_5
