threshold,accuracy,precision,recall,specificity,f1,tp,tn,fp,fn,selection_method
0.8360792398452759,0.4621212121212121,0.9318181818181818,0.3761467889908257,0.8695652173913043,0.5359477124183006,41,20,3,68,normal_p90_0
0.845325231552124,0.4621212121212121,0.9523809523809523,0.3669724770642202,0.9130434782608695,0.5298013245033113,40,21,2,69,normal_p95_0
0.8905454874038696,0.4166666666666667,0.9705882352941176,0.30275229357798167,0.9565217391304348,0.46153846153846156,33,22,1,76,normal_p97_5
0.9230469465255737,0.36363636363636365,0.9629629629629629,0.23853211009174313,0.9565217391304348,0.3823529411764706,26,22,1,83,normal_p99_0
0.933880627155304,0.3560606060606061,0.9615384615384616,0.22935779816513763,0.9565217391304348,0.37037037037037035,25,22,1,84,normal_p99_5
